patron_id,name,email,password_hash,membership_date,home_branch_id
1,Desi Kalewe,dkalewe0@apple.com,cfcb25b006824a3492460f5104c24aa2f876c938,2019-05-11,1
2,Smitty Pashby,spashby1@disqus.com,814f6c8faf601667d608098d610dc5dd15fb9fdf,2020-04-11,3
3,Carlie Ert,cert2@nyu.edu,b39ea7853e381ddd72652972ce3c6601a10fc27f,2022-07-25,5
4,Xymenes Gorey,xgorey3@paypal.com,b5458fb19457f71b1a2c362e1e85fe092d2af0f2,2019-09-14,4
5,Dorris Osborn,dosborn4@whitehouse.gov,274958e329758543dbe70baba5c93ac795fb91de,2021-12-06,4
6,Borg Trickey,btrickey5@apple.com,cc9e65eb55c6c2d0452e10be2fdec5e475cb3b08,2021-09-04,5
7,Amelita Reucastle,areucastle6@google.com,9b738f11c61bfa3e205a6e18e4abe7aeb71a42bc,2021-02-03,3
8,Barde Serraillier,bserraillier7@squidoo.com,4ddc4053342d83cd2775c97b64eabe782b356f93,2019-03-23,2
9,Rod Rubertis,rrubertis8@scientificamerican.com,2bd53c62d63261c7f1457e8e9b42f30e0cf0a22d,2024-03-11,5
10,Bartholomeus Skinn,bskinn9@dyndns.org,ca2f22fb348945655b8892a2de5a3bcb7676d036,2023-03-24,5
11,Arlin Gabbott,agabbotta@newyorker.com,dffaebd382f4daf4b938ea5afc1ae360ae1ba865,2021-03-30,4
12,Bruce Dragge,bdraggeb@smugmug.com,bc9115a3a22e0f30c9c21719ddf6f254218fb31b,2021-04-01,5
13,Piotr Laidlow,plaidlowc@amazon.co.uk,7f63afbf946fc80b514a6ae016b2809026e2baf6,2018-06-04,5
14,Ashien Dainty,adaintyd@goo.gl,a2976b3480cc30aba5341dca82e592f339b32fe8,2018-02-20,4
15,Jenda O' Gara,joe@wikimedia.org,39fd96dae52b4dcfd307bfb5e4e4dfa01284b816,2018-03-26,4
16,Robinett Zoane,rzoanef@imageshack.us,c5edbce30ba566699765d260e5032b8fe60eca5f,2020-08-25,3
17,Aguistin Mardle,amardleg@wufoo.com,c0fef4a794d5919dd2326cf2e126a5fb4f0f6e43,2018-06-17,4
18,Sloane Smidmore,ssmidmoreh@springer.com,7d402c61c6297085f93b11d13089fb2f383acbfe,2023-03-26,2
19,Izaak Freiburger,ifreiburgeri@cpanel.net,6af46ae09b42477f66ea07114335cc568d60413e,2024-06-13,2
20,Gabbey Ginnety,gginnetyj@yale.edu,b69ebd8f5f6951343f4c10e42025496e9e2ea5f5,2021-11-04,3
21,Son Sawdy,ssawdyk@twitter.com,17b6d97a5586f38c224f002544f98a18f7ddbb35,2020-08-10,1
22,De Jeandillou,djeandilloul@vistaprint.com,0b4516880041db476e1eb07f8bb41280a922e813,2021-01-28,1
23,Arleen Ewbanck,aewbanckm@chicagotribune.com,b3d61e1d072a5bd086b033abc5acb4f9aade6465,2021-07-11,3
24,Merralee Duell,mduelln@china.com.cn,60f57bca00cf8f50df3f3eb0ad82207c0e4480c3,2019-07-05,1
25,Dulcy Ellacombe,dellacombeo@admin.ch,0f97e5637f7d042278bdf7f65acbbe121f789be9,2021-04-24,4
26,Ashil Gong,agongp@kickstarter.com,786899eceec1a81479d5998489946e223a83450f,2018-07-25,4
27,Levin Manjot,lmanjotq@printfriendly.com,83bc7b0e69262e39159f0eb5bd0d4164859ec76c,2019-12-15,4
28,Kinsley Maddox,kmaddoxr@smugmug.com,6a1c85ed2b3d2de8b619d4718f9a963f8c46c0f3,2021-12-11,1
29,Myrtie Ladloe,mladloes@google.nl,12adf2f04258b3a972da3dc1880d71a03f5a6c8c,2018-06-01,3
30,Connie Querree,cquerreet@examiner.com,7e2742b0af26c637f3cd6f21ac29cde118cc0f83,2023-11-22,2
31,Nikolaos Iddy,niddyu@vimeo.com,f101286244974b831bf403aa719b5c22dbc9bbb9,2023-08-24,3
32,Jerald Delaprelle,jdelaprellev@smugmug.com,2c285ea13368bdf76e4773eac87665d057e1fbab,2018-03-22,1
33,Alleyn Camber,acamberw@goo.gl,2f7f0ca79453a2776d97a5b057a65cbdafd5be5c,2024-12-25,1
34,Alessandro Franceschino,afranceschinox@chronoengine.com,47eca307bb47f2731caf27d7b0e56ebd261f09ae,2021-09-11,2
35,Johnath Germann,jgermanny@spotify.com,53a7d9638aae43d173aa5242563af74899a4ef31,2024-09-30,2
36,Antonio Pregal,apregalz@webmd.com,7e74d21501f779b2f06bfa4ca15e5f8d3327a546,2024-03-20,3
37,Aurel Juggins,ajuggins10@spotify.com,fe2138864ef17682dc40ab55d6a41470fbba6cec,2019-01-16,3
38,Carolus Mauser,cmauser11@cnn.com,8d7ababf5411130d136274d5e98493e89a47734a,2020-04-08,5
39,Correy Griffey,cgriffey12@comcast.net,b717d0acda9976a0f9b607555e1cfea7e7b0310c,2023-03-26,5
40,Jeane Benesevich,jbenesevich13@linkedin.com,ba7f8c3945c6f73b83d54b4b6eb85afdca8861b2,2021-10-06,5
41,Christophorus Brettle,cbrettle14@tumblr.com,f025ece6aad7ee2d4c56fdfce108cbd95ced0fa1,2020-02-13,1
42,Ronald Playdon,rplaydon15@booking.com,af07562a2a3b8bcefae312604df05562725f9806,2022-09-04,2
43,Dietrich Davidovic,ddavidovic16@youtube.com,b576e2bbd7ac431b7942050370c4782b11df5f62,2020-10-10,2
44,Noami Bolam,nbolam17@ask.com,c75fa20bc098715a65bf11aac07a2dc7d19a772c,2019-06-13,3
45,Adler Scotson,ascotson18@wufoo.com,fbc97a577531da6c01c9d1fb10e2687677a01804,2019-06-21,2
46,Kandace Itchingham,kitchingham19@example.com,de063c438b47814a88927e4cf6c791f14cf23133,2018-07-27,2
47,Candis Brimming,cbrimming1a@harvard.edu,14ebd56bf81fbfd1abff6642065d4acd5ad0d600,2019-05-01,1
48,Leeann Talboy,ltalboy1b@hud.gov,83853da4c91402ea1126d27d769cd86fac07ae90,2021-07-22,2
49,Humfried Eskell,heskell1c@sbwire.com,405a910589204daf344b572497df159794ef6d04,2024-11-02,1
50,Pete Grigoliis,pgrigoliis1d@cbslocal.com,aea243979b66f9047c471d4ef5538705e95aaf8d,2018-10-07,5
51,Marshall Vlasov,mvlasov1e@google.ca,d940add6e08409f52288c001e1cc35ff1f0f4876,2022-05-19,2
52,Annie Gatiss,agatiss1f@nba.com,551ed38698cd29a29c58c44a8ee84a8b4d9601f5,2024-05-31,4
53,Romeo Vaadeland,rvaadeland1g@paypal.com,4d87607873166cba6e2ba44948c881ab55124188,2020-05-02,3
54,Julianne Tabbitt,jtabbitt1h@miibeian.gov.cn,b654de820331ca3942f3e327b2fcf51a619e1c98,2022-06-21,3
55,Clemmie Sprigging,csprigging1i@meetup.com,44b1cd8b51fd6c9ba3db258d42f200422c1fbde1,2023-09-01,4
56,Tatum Vondra,tvondra1j@ezinearticles.com,48dda211fa30beb67116388a4b52c4f3b3afca6c,2020-12-07,2
57,Aron Chalkly,achalkly1k@hp.com,3c0c3ec57dfc89313fd8db146fdd029aa9854d9f,2024-09-28,1
58,Colan Dienes,cdienes1l@xinhuanet.com,40281f8f97bda833c71fe173eaa87baa6e5bde5f,2020-09-03,2
59,Frances Kilbourn,fkilbourn1m@ucoz.com,fb19767a3dc86cda0a380fcff8e34eb88d49ec98,2023-12-11,1
60,Cristal Ong,cong1n@unesco.org,fc6c9bde7adca0abfb4cc15405211e8dd7086806,2024-02-10,2
61,Barnebas Creggan,bcreggan1o@webmd.com,672ce505680d41b3e3da5d4dd1ce0910a610d320,2024-08-13,4
62,Bridget Stredder,bstredder1p@creativecommons.org,6ccf9f0d8093954759e4a9ec5e670532eb658b1e,2023-10-15,2
63,Jacquette Micheau,jmicheau1q@globo.com,c6b089a803fc074d57a942d00e7cf0898d90706f,2023-09-23,2
64,Emelia Edards,eedards1r@webeden.co.uk,34639bd60aa33dc385315f1e9e94e892c46b3d7f,2021-07-07,1
65,Sela Chipping,schipping1s@addthis.com,8122f33b6cb43bb8659abf8e7a06475c9f57e23d,2022-11-12,5
66,Lilah Ingon,lingon1t@amazon.de,d9f9e4c424823f5802b987bffa484ec9eabe8193,2019-02-25,1
67,Frazier Durno,fdurno1u@skyrock.com,30457ef4d045fe61422d8af8d938d5b3e72a5e26,2021-12-22,3
68,Brynna Reymers,breymers1v@latimes.com,4fb1f452017c5c25d1674a24ae5d0645b3ec5395,2019-04-18,1
69,Gaylor Darkin,gdarkin1w@nih.gov,061df241037fbd0b033ffbd069819061daceac82,2019-08-25,4
70,Francine Acom,facom1x@dedecms.com,42697502fb1f91190145a0662d30aa0d475f22d4,2018-04-23,2
71,Hew Dolling,hdolling1y@netlog.com,fc0757d6a32241d48466cde7002908a537460141,2020-10-03,1
72,Delmar North,dnorth1z@guardian.co.uk,f829dc59776bfb2db10933eee0c73e73958e02ed,2020-06-06,3
73,Julissa Feld,jfeld20@aboutads.info,4ce9ff0f6c4b1b79da271d7190b3b2e5c439cb00,2022-05-11,4
74,Ailee Rubica,arubica21@state.gov,83bfb1d27458061e0af3e229bd23f62d54855515,2019-04-22,4
75,Katrinka Ormes,kormes22@ihg.com,b0a0a05889fec0f8bd87785eb4fcdf81e814a451,2024-03-05,3
